true_label,classical_probability,hybrid_probability,classical_prediction,hybrid_prediction
1,0.7348329588203433,0.6968929971691584,1,1
1,0.03775230057465031,0.038397616914988,0,0
1,0.9355804499444458,0.926749427663107,1,1
1,0.6033917568126342,0.5583088631390174,1,1
1,0.9919394288441082,0.9900245285469059,1,1
0,0.016383877571674837,0.012220646021808567,0,0
1,0.8617601774186919,0.8168283841422327,1,1
0,0.017555306423594028,0.01888537487059164,0,0
0,0.4378702805677416,0.37966829324465085,0,0
1,0.9788281127772527,0.9722167278339278,1,1
0,0.0155311485902681,0.016423413968146172,0,0
1,0.67571408131958,0.6556671410234007,1,1
0,0.019856629523695185,0.022229819311847823,0,0
0,0.4848331252306506,0.5087702372770374,1,1
0,0.25325588834380175,0.26017338670833057,0,0
0,0.01762143647860055,0.011956303626197335,0,0
0,0.03546367273293283,0.03450236174231121,0,0
0,0.037134327179150495,0.04290176090072146,0,0
0,0.10152471739942985,0.10815545956643932,0,0
1,0.8894554302539553,0.8653720635222061,1,1
1,0.5257009048980159,0.4978457945804354,1,1
0,0.8219836014284252,0.8214914975095146,1,1
0,0.02409769741520978,0.02470822831356295,0,0
1,0.9382805624355396,0.928899657003872,1,1
0,0.895366209300002,0.8884067211519128,1,1
1,0.1570716249540754,0.1464112034292809,0,0
1,0.6793107109474176,0.6612704054550086,1,1
0,0.749828227104551,0.7587962309437645,1,1
0,0.3234988010344153,0.31647895700045137,0,0
0,0.06060060682073868,0.07525306961039838,0,0
0,0.25635477283904123,0.27056547135129855,0,0
1,0.991116531746401,0.9928566782851573,1,1
0,0.09205676567529378,0.09924631719650105,0,0
0,0.2926899574182809,0.2899065807869558,0,0
0,0.4693956770041245,0.4811362027417109,1,1
0,0.05301126228209533,0.04111652007347306,0,0
0,0.05957338854533502,0.07338017066221351,0,0
0,0.009046100605585255,0.01087248937476883,0,0
1,0.9629956944118881,0.9610159137413957,1,1
1,0.8735805382528521,0.8955288420261289,1,1
1,0.8574892316500592,0.8408193628156527,1,1
0,0.0591622544008587,0.06515796241634476,0,0
1,0.7223415663316015,0.7104751321797927,1,1
0,0.09367378819769272,0.06293170161037663,0,0
1,0.9793481572731456,0.984028144557103,1,1
0,0.31583425374072727,0.28744907558721466,0,0
1,0.9964208378048586,0.9955620660297119,1,1
0,0.005972884835815485,0.0050650713769727915,0,0
0,0.8416501425149332,0.8432847004185265,1,1
0,0.007974686921458292,0.005305947645371214,0,0
0,0.005107141109386182,0.004379580314073879,0,0
1,0.9759794828983785,0.9755737883335552,1,1
0,0.04061972860173194,0.041143205836425036,0,0
0,0.03341725425506976,0.03807756573172459,0,0
1,0.8529391532431958,0.7969017716846787,1,1
0,0.005613838074152606,0.005460374623174599,0,0
0,0.020389453698106966,0.015056276818902418,0,0
0,0.018721537117737407,0.011960024325636467,0,0
1,0.6010098511466052,0.6261131340424522,1,1
0,0.6685540502865697,0.6746040812408961,1,1
1,0.9197335287383727,0.9182819180414102,1,1
0,0.19188409940960025,0.1924339613461151,0,0
0,0.13736887442959886,0.0988669022924804,0,0
0,0.6350819898193963,0.659947622732054,1,1
0,0.33633816603938776,0.3148128345943019,0,0
1,0.8204461163750801,0.8233677094432,1,1
0,0.015096722814428759,0.015353594517255199,0,0
1,0.42586116637106247,0.43132552950870956,0,0
1,0.01829769499553693,0.018242083821949827,0,0
0,0.007642106169199626,0.007850803684221853,0,0
0,0.1020721522405164,0.1087820165539263,0,0
0,0.025052649298772715,0.031195254050044263,0,0
0,0.2525007806765591,0.29133533468143163,0,0
1,0.8427595962532696,0.8384907566759655,1,1
0,0.21890681460619582,0.23023460204494353,0,0
0,0.2873356211247405,0.3333607087199941,0,0
1,0.989021395622108,0.9884549905030399,1,1
0,0.02859439930252034,0.02928044395587178,0,0
1,0.21917043704929837,0.23693980023376757,0,0
1,0.991409045330404,0.9900366336050217,1,1
1,0.5475337085783508,0.5320936817780685,1,1
1,0.8609431754904429,0.8584963864709461,1,1
0,0.10692911479428485,0.10678108944650269,0,0
1,0.9436581476326641,0.9444655042362705,1,1
0,0.014129239389094227,0.014753341231906693,0,0
1,0.6791817788669654,0.6799424001386386,1,1
0,0.162771238820894,0.14333636523295862,0,0
0,0.03231604394282578,0.027050083530642272,0,0
0,0.13564501450015035,0.1379531588536338,0,0
0,0.038920240124858625,0.03938460590013904,0,0
1,0.6133617616740038,0.5993653693768437,1,1
1,0.9861456847204081,0.9855132869553619,1,1
0,0.05087753079446009,0.04207589580874184,0,0
0,0.026884446808168497,0.026550797653203485,0,0
0,0.0381903605512476,0.03913496852655826,0,0
1,0.42703045909535164,0.3926300465197346,0,0
1,0.8249401365339866,0.8511750992799817,1,1
1,0.5397301052811373,0.5221683831732684,1,1
0,0.052145083681572724,0.044592012606665454,0,0
1,0.6988739638529323,0.6764896617183133,1,1
0,0.04366235603477385,0.030409378916255756,0,0
1,0.38904986850069334,0.3981286878832095,0,0
0,0.21669585718467377,0.22456763408896135,0,0
1,0.9112012811257147,0.9267521322406963,1,1
0,0.00840372653610711,0.008003037322965261,0,0
0,0.13356704181192677,0.09229495702866485,0,0
0,0.5478348635116166,0.522916172337898,1,1
0,0.03288512400410012,0.03644658048041895,0,0
1,0.9074563340246464,0.8840233067470624,1,1
0,0.4236373662125809,0.41158656799462706,0,0
1,0.8504508484585529,0.8743284537525291,1,1
1,0.9885795312855382,0.9837896139558133,1,1
0,0.036930446094942206,0.035554473490036986,0,0
0,0.039723516433115565,0.0377745947496501,0,0
1,0.725956977920741,0.7431409532415256,1,1
1,0.9745704128203605,0.965746292934459,1,1
0,0.04760819933843041,0.05373766038981707,0,0
0,0.4443034338041797,0.35713363326134545,1,0
0,0.28924584945664666,0.25041621749412096,0,0
0,0.015284149486158591,0.0167480756531205,0,0
1,0.9685492214239323,0.9646642572156496,1,1
0,0.018940726707762076,0.019665613268190142,0,0
1,0.47405892605546496,0.35591429719408013,1,0
1,0.11969717379728227,0.12547535516299485,0,0
0,0.01330436054239226,0.012694034367764168,0,0
0,0.25167981859815985,0.26740848437339093,0,0
0,0.03254996227173376,0.032135196701970105,0,0
0,0.005554337460239765,0.004009354356648902,0,0
1,0.9123990003741562,0.9067918085322016,1,1
1,0.8626004713239802,0.8629170296892765,1,1
0,0.27514493024415626,0.3017921997841369,0,0
1,0.9958566676078439,0.9951967539750458,1,1
1,0.7460617588970379,0.6959395847398058,1,1
0,0.004335982398669118,0.0045540318253152684,0,0
1,0.1741922320558973,0.17914105742715902,0,0
0,0.06433115682570739,0.05487492829214395,0,0
0,0.0203406472074376,0.021274888252775813,0,0
0,0.04415343666901941,0.0430902098587728,0,0
0,0.021288347002339395,0.02109987343216414,0,0
0,0.12152170996881331,0.12397499090543868,0,0
1,0.7893183884532547,0.7196292873049297,1,1
1,0.8145661775980139,0.8420889590582947,1,1
1,0.9961390383053825,0.9944672673861761,1,1
0,0.6624945126698346,0.6676175230355338,1,1
0,0.00725733341702522,0.007085950883636449,0,0
0,0.07592424559471975,0.050258612957112044,0,0
0,0.2543624126492504,0.2631974678120793,0,0
0,0.0032023232777123965,0.0024783452907945294,0,0
0,0.019929461875641253,0.018674083907174226,0,0
1,0.9254966501657577,0.9304607409000965,1,1
1,0.9686969937907293,0.9746767359810908,1,1
0,0.009676741320472505,0.010750419539494028,0,0
1,0.5686843389438847,0.5615545987698015,1,1
0,0.9025464516541395,0.907228079275227,1,1
0,0.2328638677816087,0.2522027033198958,0,0
0,0.042617892362944165,0.03872130938621517,0,0
0,0.008917215765871614,0.009219958141688547,0,0
0,0.06130846577331691,0.06171433114025487,0,0
0,0.2602246981124366,0.28440571972030204,0,0
0,0.25912603899756836,0.24031225647793297,0,0
0,0.03286038783316545,0.034129848278237146,0,0
1,0.6212509267338956,0.6527701049258686,1,1
0,0.4321249051425278,0.3366776274133815,0,0
0,0.8827685598384368,0.879570931421391,1,1
1,0.07011086264330028,0.07138498838155108,0,0
0,0.12965610665274666,0.13704862641211893,0,0
0,0.06054112712457729,0.07033821002402542,0,0
0,0.006517202496502963,0.005103103144114779,0,0
0,0.3131558543976893,0.25110190232269086,0,0
0,0.011110398265307044,0.01082174421631676,0,0
1,0.9440324470345036,0.946717804410308,1,1
1,0.9937266886262754,0.9947378937870303,1,1
0,0.28632614724873123,0.2692223023191489,0,0
0,0.015444168700510711,0.015235549945565682,0,0
0,0.20571496044594104,0.20507929489077178,0,0
1,0.6432351249090147,0.6691281747216966,1,1
0,0.09628100235907823,0.0733943212709869,0,0
1,0.6793666042814033,0.7202516581996258,1,1
0,0.05897642422692748,0.05364337722186567,0,0
0,0.05451404784263412,0.049841505214901834,0,0
0,0.3119294796259363,0.3368030301233555,0,0
0,0.02071872617287095,0.020862956369638735,0,0
0,0.0028395346315749324,0.0026765890712168528,0,0
0,0.5852968420830147,0.6312694257243596,1,1
1,0.9687279717334772,0.9606984353641537,1,1
1,0.9691279874559406,0.968931621039698,1,1
0,0.07426712451669383,0.052509531157253424,0,0
0,0.024885085923156875,0.024748789545423068,0,0
1,0.8013786905832784,0.8140645787211511,1,1
0,0.4156606377848398,0.4167309178431739,0,0
0,0.004045607260864525,0.004418967254514291,0,0
0,0.020352824891278713,0.01893988449829413,0,0
0,0.010553109857187699,0.00778245583361862,0,0
0,0.01956344624014063,0.015946150571415157,0,0
1,0.780091208737062,0.7705664159756872,1,1
0,0.0333265628831035,0.033182745218544064,0,0
1,0.7424876608566197,0.7190751278956966,1,1
0,0.005954330323372859,0.00757125371468591,0,0
0,0.1447860297489618,0.1475790458038558,0,0
0,0.2696965491415624,0.2834862692009571,0,0
1,0.7784192620819136,0.7344508967749533,1,1
0,0.0545746268316652,0.05424515010993781,0,0
1,0.6093568069963923,0.5864240041983724,1,1
1,0.9893804445622405,0.9861714492955024,1,1
1,0.908873448480188,0.9051186799184612,1,1
0,0.2248478052759416,0.2439638402057152,0,0
0,0.44032464687452666,0.4466822437433662,1,0
0,0.05259985359021807,0.05961269675616692,0,0
1,0.8447415306949045,0.8268366122713982,1,1
0,0.013541502015635353,0.01368637418064907,0,0
1,0.8085969216131493,0.8046387413416289,1,1
1,0.8028923539704304,0.8092138978087736,1,1
0,0.2981042402959365,0.2784313313042452,0,0
0,0.023842693708643836,0.01898111577015028,0,0
1,0.820412226541462,0.8294045559775673,1,1
0,0.015576300793787098,0.01301765319100702,0,0
0,0.21096983263249883,0.20467490347647263,0,0
0,0.02177477569991089,0.02229753313099079,0,0
1,0.5183167510760247,0.48402750003816014,1,1
1,0.525883389670029,0.46843572256029586,1,1
0,0.9061668840625624,0.9257830757329468,1,1
0,0.2756090106773603,0.3129142936513017,0,0
0,0.010401340690147956,0.008308552845308279,0,0
1,0.39477088322376835,0.395325195475677,0,0
0,0.08208992992105982,0.08834873272182259,0,0
0,0.0883021720648917,0.09154816149411293,0,0
0,0.0029752575601551265,0.0022446798660017654,0,0
0,0.11321430791270362,0.11152912716886416,0,0
1,0.8178502430417407,0.8193972869630259,1,1
0,0.24897033924335196,0.28558409724167755,0,0
1,0.8340523494282314,0.8294610895780622,1,1
1,0.8717058805063729,0.8807512045759843,1,1
0,0.6818887984903165,0.6565851765438045,1,1
0,0.40950809561544055,0.43457281387939317,0,0
0,0.5237329598587189,0.4433296923539775,1,0
1,0.4654268644497592,0.5031706266382407,1,1
0,0.018461965631102237,0.018726777988391154,0,0
1,0.19802037558611313,0.24685391948490307,0,0
0,0.08067644207178207,0.0560657416443733,0,0
0,0.005608343787527419,0.005261735222097391,0,0
1,0.9025483195053701,0.9025545887830555,1,1
0,0.01747109014952934,0.017868431905445015,0,0
1,0.4836740508820705,0.5082856554922219,1,1
1,0.9868424497491326,0.98594543788482,1,1
0,0.19930920645157088,0.15225599571788415,0,0
0,0.010146685351738613,0.00966049076781716,0,0
0,0.11545104756771916,0.11865937697796539,0,0
0,0.0340570660917609,0.03079375145765263,0,0
1,0.6336177783752063,0.6360591487068407,1,1
0,0.12417767112762831,0.15023440876884078,0,0
0,0.12015425677907922,0.13121374694992088,0,0
1,0.6172031788673435,0.5646464964259866,1,1
0,0.12932269095753013,0.14696394702621676,0,0
0,0.35566247838838094,0.2774658803362537,0,0
0,0.0475668732536222,0.055343110430513376,0,0
0,0.03568434401762202,0.03522328027777345,0,0
0,0.06256807344349793,0.06003454254686734,0,0
0,0.13338720606438048,0.1249012903894085,0,0
0,0.13235552303954867,0.1313329728801531,0,0
0,0.016273951900423463,0.0191084809350227,0,0
0,0.007188729212013292,0.0071485348604685235,0,0
0,0.05511905982108281,0.046369228634732466,0,0
0,0.017501145529260877,0.014335160374463729,0,0
0,0.4896908526248466,0.5013841121628181,1,1
1,0.8622029334004656,0.8633357865190859,1,1
0,0.061331919222702126,0.06783465801426153,0,0
0,0.3084212805752488,0.3140957915202182,0,0
0,0.040043328078620634,0.038340388363266434,0,0
0,0.43180620742832454,0.4583329107491307,0,1
0,0.15093363763613962,0.15151232056587552,0,0
0,0.017667310580540267,0.016722786344269713,0,0
1,0.9558659122308775,0.9305127322166487,1,1
1,0.9538516914677566,0.949653516574714,1,1
0,0.05527804268781801,0.05808323420018946,0,0
1,0.6007639778711802,0.5965070486632915,1,1
1,0.2636965558686894,0.26469682894530905,0,0
0,0.02086636170459161,0.01727705650566643,0,0
0,0.017999602745484226,0.01768564806433177,0,0
0,0.007088179296020454,0.006576650153573546,0,0
0,0.009566305684886528,0.011528194125741902,0,0
0,0.04117418737225805,0.040991143988592,0,0
1,0.01573604286459405,0.015408373952441604,0,0
1,0.8534251855772297,0.8623715536976172,1,1
0,0.013997824887641066,0.013804805903099316,0,0
0,0.14740495472673176,0.14340832591869368,0,0
0,0.0957057765558225,0.08262294519545714,0,0
0,0.1409181157331918,0.10719878962530995,0,0
1,0.9582172873616369,0.9473228776094093,1,1
0,0.01779251101114476,0.019545333914320305,0,0
0,0.05698332861606183,0.05806395123470217,0,0
1,0.5471109792336541,0.5013911373460576,1,1
1,0.016308209176547038,0.016022844642424625,0,0
0,0.773997146462785,0.7825946879803733,1,1
0,0.06534974132802367,0.058716905496623936,0,0
0,0.4263877818493998,0.4085083424697967,0,0
1,0.034985885942139514,0.024033198701364875,0,0
0,0.07897432968764656,0.08252216512017396,0,0
0,0.08134109100720895,0.08101862620161662,0,0
0,0.043494873667415425,0.044694258500573236,0,0
0,0.003961522382916025,0.003068697409014508,0,0
0,0.004951652054298718,0.005095851665457061,0,0
0,0.09598089914830597,0.10676789228833583,0,0
1,0.739197079168686,0.6345023573393354,1,1
0,0.38013961483839487,0.36203823842278376,0,0
0,0.023172565495708612,0.021630110103352466,0,0
0,0.09775257888728531,0.0968313150903667,0,0
1,0.5663200614183814,0.5580921206013713,1,1
0,0.007332625013888565,0.007969307983614839,0,0
0,0.11402168222469922,0.13998808563291923,0,0
1,0.017820709213671102,0.018508773777113123,0,0
0,0.0210763860903285,0.01912348157636897,0,0
0,0.03728000819302871,0.037782856461070574,0,0
1,0.9754810287241508,0.9727068861142177,1,1
1,0.9019554855712009,0.8983769117077313,1,1
1,0.5254690853662226,0.533838314681039,1,1
1,0.9579792075975058,0.9573597344621503,1,1
1,0.9195391798115342,0.8777731895531269,1,1
0,0.024357767414247465,0.03143947052521303,0,0
1,0.6244679596458309,0.5346944818317056,1,1
0,0.09141045863398693,0.09630312235685409,0,0
0,0.3188963074011586,0.3389388820001782,0,0
0,0.007384224237210232,0.007512478465038643,0,0
1,0.9597108347008044,0.9586757195263834,1,1
1,0.856902645720031,0.8839183563386495,1,1
1,0.9608052981101306,0.9676561050371973,1,1
0,0.028809618489823663,0.02856138098170723,0,0
0,0.036288618144206364,0.034531596267328005,0,0
1,0.8979959558056099,0.8936396007320764,1,1
0,0.017320706451100832,0.0129313182087393,0,0
0,0.08975857200044066,0.09895043680604888,0,0
0,0.0446863010671214,0.04442787401390973,0,0
0,0.03513544673080072,0.036500298939107736,0,0
1,0.9259146311081564,0.9323453364766948,1,1
1,0.7291213896066685,0.7453203581470661,1,1
1,0.9471020025661395,0.9494490879935168,1,1
1,0.5061481959298799,0.5401459633398752,1,1
0,0.00887322558193262,0.00895678025999779,0,0
0,0.01676643381624064,0.02018163397832905,0,0
1,0.007727953118909406,0.007531452425012648,0,0
0,0.18942249365806585,0.1594466235023982,0,0
0,0.2393116528154137,0.245065992347129,0,0
0,0.05711971881182374,0.06529260498965768,0,0
1,0.4507897566329855,0.4277962235650448,1,0
1,0.6494642480535674,0.6557410053641043,1,1
1,0.824358989469521,0.8285105917724035,1,1
0,0.022781843770384076,0.020079761517428556,0,0
0,0.08836924182644072,0.07388602153309771,0,0
0,0.14532827051880676,0.14682687213605564,0,0
1,0.8656806111813398,0.8347858290004052,1,1
0,0.4458428225588567,0.43410223526761743,1,0
1,0.9552651315087909,0.9529775802571768,1,1
0,0.016482452538505474,0.016291235090719048,0,0
1,0.944215632243313,0.9515933470243818,1,1
0,0.051108350766505384,0.051863306711638094,0,0
0,0.05852960553630362,0.055195155626627086,0,0
0,0.024585944062051224,0.023470169155507335,0,0
0,0.06038511516594819,0.05840621417347489,0,0
0,0.014653342197842744,0.014020688032094754,0,0
0,0.025588595648655434,0.030840713300333486,0,0
1,0.9880998729741158,0.9828441946913565,1,1
1,0.9899556007715491,0.9901162579156858,1,1
0,0.5174910400656173,0.4599284010352065,1,1
0,0.7076215311832809,0.6930890315669314,1,1
0,0.5757541359513898,0.5426180897677407,1,1
0,0.14900575774343053,0.1630511878320743,0,0
1,0.12938140480428922,0.12674013516195645,0,0
0,0.11335706041748497,0.11903072395208321,0,0
1,0.8700243143034876,0.8542937691060161,1,1
1,0.6761688280674142,0.6699011258292973,1,1
1,0.48273523811660146,0.48580224601068883,1,1
0,0.7943949697357297,0.8154665258328929,1,1
0,0.17962768573193727,0.18048691854802806,0,0
0,0.1578478472763467,0.13041606361828825,0,0
0,0.0035174812656477736,0.00391952156534428,0,0
1,0.43814876628285343,0.4535419721887739,0,1
0,0.31576881286896197,0.3311729853662947,0,0
1,0.7300894068286158,0.694683662626486,1,1
0,0.0927960424226036,0.09376792290302864,0,0
1,0.8619576296371783,0.8601233196280973,1,1
0,0.5821039233116831,0.578977666789905,1,1
1,0.7903832945458107,0.7679311007695684,1,1
0,0.6476177280552581,0.6636881345859695,1,1
0,0.0038932421392156814,0.0033747556133408205,0,0
0,0.010523332768593198,0.009223526079016152,0,0
1,0.886803101994841,0.8751319773587386,1,1
1,0.027953671751654755,0.026750332940824812,0,0
1,0.25065914679754125,0.2035354931026094,0,0
0,0.6467829517158168,0.6694602277674598,1,1
0,0.027511003293328735,0.027297161728793033,0,0
0,0.20457066607517632,0.21509016017283328,0,0
0,0.018550195366426867,0.014706832076790601,0,0
0,0.025331714932086507,0.019137331415589695,0,0
1,0.9841168440157123,0.9869504574013866,1,1
0,0.0073293496988299164,0.007708845165605142,0,0
1,0.8969676431249427,0.895035207417013,1,1
0,0.10817068225518112,0.09858016994720817,0,0
0,0.08780799803427906,0.09036816494340988,0,0
0,0.08004270561617612,0.07545972234843894,0,0
0,0.004412414595004037,0.0035432225369168083,0,0
0,0.04384840604085417,0.04555347310716513,0,0
1,0.9903440095685155,0.9900202165115158,1,1
0,0.017266592866887625,0.016565840972186132,0,0
0,0.009319398633527227,0.00751346759026541,0,0
0,0.44051399576272415,0.4488692718825697,1,0
0,0.02152071028497108,0.0200955480927422,0,0
0,0.007208806860580838,0.006417303376215286,0,0
0,0.15757465355668265,0.13456376892279676,0,0
0,0.46025736504452064,0.39742967969282395,1,0
1,0.9910921566605472,0.9897582632164255,1,1
1,0.607145130989756,0.6556626718917749,1,1
1,0.1830046515885055,0.21318246941054805,0,0
0,0.22382166909685408,0.2759500699489843,0,0
1,0.9831426796794221,0.9753974475524201,1,1
0,0.24678757778781246,0.26164584946472585,0,0
0,0.19053490865020603,0.1553480676928865,0,0
0,0.2504926112686912,0.27190551395602214,0,0
1,0.9854197905153322,0.9856842186880692,1,1
1,0.9463369019943374,0.9436411291856619,1,1
0,0.09074261474149425,0.09633374980966994,0,0
0,0.05147056119213626,0.04842196848820376,0,0
0,0.04128880018669331,0.03472865233108921,0,0
0,0.1332297374153014,0.14602179338983187,0,0
0,0.4511269406511328,0.45233579075430597,1,1
0,0.012127370091234874,0.01069761670136554,0,0
0,0.028018257365907243,0.021798087378752523,0,0
0,0.05834398299244952,0.05722277362980479,0,0
0,0.10011477764015543,0.10530290270068902,0,0
1,0.9429746724534281,0.955425067732604,1,1
0,0.4836344946849226,0.48250915040310355,1,1
0,0.03964894941393952,0.03868277967342738,0,0
